<?xml version="1.0" encoding="UTF-8"?>
<!DOCTYPE hibernate-configuration PUBLIC "-//Hibernate/Hibernate Configuration DTD 3.0//EN"
                                         "http://hibernate.sourceforge.net/hibernate-configuration-3.0.dtd">
<hibernate-configuration>
 <session-factory name="hibernateSessionFactory">
  <property name="hibernate.connection.driver_class">com.mysql.jdbc.Driver</property>
  <property name="hibernate.connection.password">agrobitacora</property>
  <property name="hibernate.connection.url">jdbc:mysql://localhost:3306/agrobitacora</property>
  <property name="hibernate.connection.username">agrobitacora</property>
  <property name="hibernate.dialect">org.hibernate.dialect.MySQLDialect</property>
  <property name="hibernate.show_sql">true</property>
  <property name="hibernate.format_sql">true</property>
  <!--   <property name="hibernate.hbm2ddl.auto">create</property> -->
  <mapping class="es.agrobitacora.dao.Evento"/>
 </session-factory>
</hibernate-configuration>